site,pred.disturb,pred.level,flight,hoglevel,pathlength,patcharea,mudarea,,,pl,pa,ma,tot patch
Faver-Dykes,1201,medium,FB2,low,NA,3.086,NA,,,,,,
Faver-Dykes,1201,medium,FB2,low,NA,3.784,NA,,,,,,
Faver-Dykes,1201,medium,FB2,low,NA,3.938,NA,,,,,,
Faver-Dykes,1201,medium,FB2,low,104.631,4.001,164.298,,,,,,
Faver-Dykes,1201,medium,FB2,low,NA,4.034,NA,,,,,,
Faver-Dykes,1201,medium,FB2,low,NA,4.276,NA,,,,,,
Faver-Dykes,1201,medium,FB2,low,NA,4.307,NA,,,,,,
Faver-Dykes,1201,medium,FB2,low,NA,4.486,NA,,,,,,
Faver-Dykes,1201,medium,FB2,low,NA,4.511,NA,,,,,,
Faver-Dykes,1201,medium,FB2,low,NA,5.121,NA,,,,,,
Faver-Dykes,1201,medium,FB2,low,NA,5.158,NA,,,,,,
Faver-Dykes,1201,medium,FB2,low,NA,5.531,NA,,,,,,
Faver-Dykes,1201,medium,FB1,low,NA,5.816,NA,,,,,,
Faver-Dykes,1201,medium,FB2,low,15.161,6.296,116.628,,,,,,
Faver-Dykes,1201,medium,FB1,low,NA,6.55,NA,,,,,,
Faver-Dykes,1201,medium,FB2,low,38.017,6.631,269.054,,,,,,
Faver-Dykes,1201,medium,FB2,low,NA,6.683,NA,,,,,,
Faver-Dykes,1201,medium,FB2,low,NA,6.721,NA,,,,,,
Faver-Dykes,1201,medium,FB2,low,NA,6.747,NA,,,,,,
Faver-Dykes,1201,medium,FB2,low,NA,6.78,NA,,,,,,
Faver-Dykes,1201,medium,FB2,low,NA,6.812,NA,,,,,,
Faver-Dykes,1201,medium,FB1,low,NA,6.832,NA,,,,,,
Faver-Dykes,1201,medium,FB2,low,NA,7.542,NA,,,,,,
Faver-Dykes,1201,medium,FB2,low,60.262,7.604,NA,,,,,,
Faver-Dykes,1201,medium,FB1,low,81.695,7.924,78.205,,,,,,
Faver-Dykes,1201,medium,FB2,low,NA,8.558,NA,,,,,,
Faver-Dykes,1201,medium,FB2,low,NA,8.725,NA,,,,,,
Faver-Dykes,1201,medium,FB2,low,12.8,9.07,467.318,,,,,,
Faver-Dykes,1201,medium,FB2,low,NA,9.148,NA,,,,,,
Faver-Dykes,1201,medium,FB2,low,NA,9.788,NA,,,,,,
Faver-Dykes,1201,medium,FB2,low,NA,9.918,NA,,,,,,
Faver-Dykes,1201,medium,FB2,low,NA,9.925,NA,,,,,,
Faver-Dykes,1201,medium,FB1,low,NA,9.969,NA,,,,,,
Faver-Dykes,1201,medium,FB2,low,NA,10.052,NA,,,,,,
Faver-Dykes,1201,medium,FB2,low,64.82,10.315,NA,,,,,,
Faver-Dykes,1201,medium,FB2,low,NA,10.471,NA,,,,,,
Faver-Dykes,1201,medium,FB2,low,NA,10.599,NA,,,,,,
Faver-Dykes,1201,medium,FB2,low,NA,11.921,NA,,,,,,
Faver-Dykes,1201,medium,FB2,low,NA,11.992,NA,,,,,,
Faver-Dykes,1201,medium,FB1,low,NA,12.151,NA,,,,,,
Faver-Dykes,1201,medium,FB1,low,NA,12.259,NA,,,,,,
Faver-Dykes,1201,medium,FB1,low,NA,12.26,NA,,,,,,
Faver-Dykes,1201,medium,FB2,low,NA,12.892,NA,,,,,,
Faver-Dykes,1201,medium,FB2,low,NA,13.522,NA,,,,,,
Faver-Dykes,1201,medium,FB1,low,NA,13.694,NA,,,,,,
Faver-Dykes,1201,medium,FB2,low,NA,13.917,NA,,,,,,
Faver-Dykes,1201,medium,FB2,low,NA,14.232,NA,,,,,,
Faver-Dykes,1201,medium,FB2,low,NA,14.654,NA,,,,,,
Faver-Dykes,1201,medium,FB2,low,NA,15.041,NA,,,,,,
Faver-Dykes,1201,medium,FB2,low,NA,16.145,NA,,,,,,
Faver-Dykes,1201,medium,FB2,low,NA,17.373,NA,,,,,,
Faver-Dykes,1201,medium,FB2,low,NA,17.446,NA,,,,,,
Faver-Dykes,1201,medium,FB1,low,NA,17.914,NA,,,,,,
Faver-Dykes,1201,medium,FB1,low,NA,18.163,NA,,,,,,
Faver-Dykes,1201,medium,FB1,low,127.625,18.402,73.074,,,,,,
Faver-Dykes,1201,medium,FB2,low,NA,19.107,NA,,,,,,
Faver-Dykes,1201,medium,FB2,low,NA,20.59,NA,,,,,,
Faver-Dykes,1201,medium,FB1,low,NA,20.666,NA,,,,,,
Faver-Dykes,1201,medium,FB1,low,NA,20.907,NA,,,,,,
Faver-Dykes,1201,medium,FB1,low,NA,21.111,NA,,,,,,
Faver-Dykes,1201,medium,FB1,low,NA,21.631,NA,,,,,,
Faver-Dykes,1201,medium,FB2,low,NA,23.606,NA,,,,,,
Faver-Dykes,1201,medium,FB2,low,NA,24.3,NA,,,,,,
Faver-Dykes,1201,medium,FB2,low,14.946,26.31,1010.228,,,,,,
Faver-Dykes,1201,medium,FB1,low,NA,27.483,78.516,,,,,,
Faver-Dykes,1201,medium,FB1,low,NA,27.635,NA,,,,,,
Faver-Dykes,1201,medium,FB1,low,NA,31.474,NA,,,,,,
Faver-Dykes,1201,medium,FB2,low,NA,32.943,NA,,,,,,
Faver-Dykes,1201,medium,FB2,low,NA,34.674,NA,,,,,,
Faver-Dykes,1201,medium,FB1,low,48.166,39.285,598.486,,,,,,
Faver-Dykes,1201,medium,FB1,low,NA,42.771,NA,,,,,,
Faver-Dykes,1201,medium,FB1,low,NA,44.957,43.836,,,,,,
Faver-Dykes,1201,medium,FB1,low,NA,45.15,NA,,,,,,
Faver-Dykes,1201,medium,FB1,low,NA,47.228,NA,,,,,,
Faver-Dykes,1201,medium,FB1,low,NA,52.687,NA,,,,,,
Faver-Dykes,1201,medium,FB1,low,137.681,59.478,233.239,,,,,,
Faver-Dykes,1201,medium,FB1,low,NA,61.433,NA,,,,,,
Faver-Dykes,1201,medium,FB1,low,NA,64.731,NA,,,,,,
Faver-Dykes,1201,medium,FB1,low,NA,72.251,NA,,,,,,
Faver-Dykes,1201,medium,FB1,low,NA,128.173,73.613,,,,,,
Faver-Dykes,1201,medium,FB1,low,131.016,140.491,116.159,,,,,,
Gracie,95,low,Gracie1,low,NA,3.177,NA,,,,,,
Gracie,95,low,Gracie2,low,NA,3.177,NA,,,,,,
Gracie,95,low,Gracie1,low,NA,3.858,NA,,,,,,
Gracie,95,low,Gracie2,low,NA,3.858,NA,,,,,,
Gracie,95,low,Gracie1,low,NA,5.667,NA,,,,,,
Gracie,95,low,Gracie1,low,NA,5.667,NA,,,,,,
Gracie,95,low,Gracie1,low,NA,8.057,NA,,,,,,
Gracie,95,low,Gracie2,low,NA,8.057,89.074,,,,,,
Gracie,95,low,Gracie1,low,NA,10.899,NA,,,,,,
Gracie,95,low,Gracie1,low,NA,13.997,561.308,,,,,,
Gracie,95,low,Gracie1,low,NA,19.379,2102.649,,,,,,
Gracie,95,low,Gracie1,low,NA,22.463,NA,,,,,,
Gracie,95,low,Gracie1,low,NA,24.894,NA,,,,,,
Gracie,95,low,Gracie2,low,NA,24.894,103.392,,,,,,
Gracie,95,low,Gracie1,low,NA,25.922,1140.881,,,,,,
Gracie,95,low,Gracie2,low,NA,25.922,141.779,,,,,,
Gracie,95,low,Gracie1,low,NA,37.121,NA,,,,,,
Gracie,95,low,Gracie2,low,NA,37.121,109.264,,,,,,
Gracie,95,low,Gracie1,low,NA,48.894,NA,,,,,,
Gracie,95,low,Gracie2,low,NA,48.894,17.072,,,,,,
Gracie,95,low,Gracie1,low,NA,68.133,NA,,,,,,
Gracie,95,low,Gracie2,low,NA,68.133,142.363,,,,,,
Gracie,95,low,Gracie1,low,NA,97.201,NA,,,,,,
Gracie,95,low,Gracie2,low,NA,97.201,48.42,,,,,,
Gracie,95,low,Gracie1,low,NA,303.717,NA,,,,,,
Gracie,95,low,Gracie2,low,NA,303.717,2.688,,,,,,
GTM,1201,medium,GTM1,low,NA,7.466,NA,,,,,,
GTM,1201,medium,GTM1,low,NA,13.531,NA,,,,,,
GTM,1201,medium,GTM1,low,NA,13.919,NA,,,,,,
GTM,1201,medium,GTM1,low,NA,16.763,NA,,,,,,
GTM,1201,medium,GTM1,low,NA,20.91,NA,,,,,,
GTM,1201,medium,GTM1,low,NA,24.34,NA,,,,,,
GTM,1201,medium,GTM1,low,NA,31.355,NA,,,,,,
GTM,1201,medium,GTM1,low,NA,48.126,NA,,,,,,
GTM,1201,medium,GTM1,low,108.154,50.122,NA,,,,,,
GTM,1201,medium,GTM1,low,NA,54.225,NA,,,,,,
GTM,1201,medium,GTM1,low,46.526,54.859,235.38,,,,,,
GTM,1201,medium,GTM1,low,130.203,55.861,1758.421,,,,,,
GTM,1201,medium,GTM1,low,NA,57.458,NA,,,,,,
GTM,1201,medium,GTM1,low,NA,67.38,NA,,,,,,
GTM,1201,medium,GTM1,low,NA,67.637,NA,,,,,,
GTM,1201,medium,GTM1,low,NA,70.897,NA,,,,,,
GTM,1201,medium,GTM1,low,33.309,83.315,4483.836,,,,,,
GTM,1201,medium,GTM1,low,44.658,107.037,116.804,,,,,,
GTM,1201,medium,GTM1,low,42.699,133.409,746.909,,,,,,
GTM,1201,medium,GTM1,low,27.518,139.691,NA,,,,,,
GTM,1201,medium,GTM1,low,NA,169.125,NA,,,,,,
GTM,1201,medium,GTM1,low,192.888,227.648,NA,,,,,,
GTM,1201,medium,GTM1,low,93.089,253.548,5648.732,,,,,,
GTM,1201,medium,GTM1,low,NA,422.467,NA,,,,,,
Guana,2105,high,Guana1,low,53.757,2.17,NA,,,,,,
Guana,2105,high,Guana1,low,77.538,2.293,NA,,,,,,
Guana,2105,high,Guana2,low,60.439,2.549,751.288,,,,,,
Guana,2105,high,Guana1,low,31.871,2.787,NA,,,,,,
Guana,2105,high,Guana1,low,77.479,2.826,NA,,,,,,
Guana,2105,high,Guana1,low,40.702,3.075,141.798,,,,,,
Guana,2105,high,Guana2,low,33.226,3.189,NA,,,,,,
Guana,2105,high,Guana2,low,NA,3.584,NA,,,,,,
Guana,2105,high,Guana1,low,82.417,3.832,NA,,,,,,
Guana,2105,high,Guana2,low,48.772,4.131,NA,,,,,,
Guana,2105,high,Guana2,low,63.307,4.322,373.076,,,,,,
Guana,2105,high,Guana1,low,56.752,4.388,91.429,,,,,,
Guana,2105,high,Guana2,low,NA,4.394,NA,,,,,,
Guana,2105,high,Guana2,low,NA,4.819,NA,,,,,,
Guana,2105,high,Guana2,low,95.858,5.509,18.749,,,,,,
Guana,2105,high,Guana1,low,145.644,6.094,69.152,,,,,,
Guana,2105,high,Guana2,low,NA,6.112,NA,,,,,,
Guana,2105,high,Guana2,low,NA,6.184,NA,,,,,,
Guana,2105,high,Guana2,low,NA,6.556,NA,,,,,,
Guana,2105,high,Guana2,low,65.777,6.853,NA,,,,,,
Guana,2105,high,Guana2,low,NA,7.86,NA,,,,,,
Guana,2105,high,Guana1,low,140.087,8.003,33.651,,,,,,
Guana,2105,high,Guana2,low,NA,8.045,NA,,,,,,
Guana,2105,high,Guana2,low,156.674,8.954,2224.754,,,,,,
Guana,2105,high,Guana2,low,NA,9.404,NA,,,,,,
Guana,2105,high,Guana1,low,81.665,9.46,162.262,,,,,,
Guana,2105,high,Guana2,low,NA,11.246,NA,,,,,,
Guana,2105,high,Guana2,low,NA,11.522,NA,,,,,,
Guana,2105,high,Guana2,low,NA,12.651,NA,,,,,,
Guana,2105,high,Guana1,low,106.538,12.878,15.087,,,,,,
Guana,2105,high,Guana2,low,NA,15.03,NA,,,,,,
Guana,2105,high,Guana2,low,NA,15.729,NA,,,,,,
Guana,2105,high,Guana2,low,107.819,18.953,NA,,,,,,
Guana,2105,high,Guana2,low,26.845,29.53,NA,,,,,,
Guana,2105,high,Guana1,low,101.345,29.821,15.661,,,,,,
Guana,2105,high,Guana1,low,131.305,34.687,69.408,,,,,,
Guana,2105,high,Guana1,low,28.869,42.72,1708.564,,,,,,
Kenan,1201,medium,Kenan1,high,NA,2.159,NA,,,,,,
Kenan,1201,medium,Kenan1,high,NA,2.517,NA,,,,,,
Kenan,1201,medium,Kenan1,high,NA,2.672,NA,,,,,,
Kenan,1201,medium,Kenan1,high,24.653,2.775,78.706,,,,,,
Kenan,1201,medium,Kenan1,high,39.489,2.794,426.594,,,,,,
Kenan,1201,medium,Kenan1,high,66.089,2.865,783.389,,,,,,
Kenan,1201,medium,Kenan1,high,NA,2.93,NA,,,,,,
Kenan,1201,medium,Kenan1,high,NA,2.997,NA,,,,,,
Kenan,1201,medium,Kenan1,high,NA,3.066,NA,,,,,,
Kenan,1201,medium,Kenan1,high,NA,3.38,NA,,,,,,
Kenan,1201,medium,Kenan1,high,NA,3.385,NA,,,,,,
Kenan,1201,medium,Kenan1,high,68.82,3.52,9.977,,,,,,
Kenan,1201,medium,Kenan1,high,115.255,3.636,24.756,,,,,,
Kenan,1201,medium,Kenan1,high,43.597,3.745,NA,,,,,,
Kenan,1201,medium,Kenan1,high,NA,3.761,NA,,,,,,
Kenan,1201,medium,Kenan1,high,NA,3.812,NA,,,,,,
Kenan,1201,medium,Kenan1,high,NA,3.902,NA,,,,,,
Kenan,1201,medium,Kenan1,high,NA,4.006,NA,,,,,,
Kenan,1201,medium,Kenan1,high,NA,4.427,NA,,,,,,
Kenan,1201,medium,Kenan1,high,NA,4.441,NA,,,,,,
Kenan,1201,medium,Kenan1,high,NA,4.682,NA,,,,,,
Kenan,1201,medium,Kenan1,high,NA,5.028,NA,,,,,,
Kenan,1201,medium,Kenan1,high,NA,5.208,NA,,,,,,
Kenan,1201,medium,Kenan1,high,NA,5.305,NA,,,,,,
Kenan,1201,medium,Kenan1,high,NA,5.582,NA,,,,,,
Kenan,1201,medium,Kenan1,high,NA,6.064,NA,,,,,,
Kenan,1201,medium,Kenan1,high,NA,6.648,NA,,,,,,
Kenan,1201,medium,Kenan1,high,NA,7.147,NA,,,,,,
Kenan,1201,medium,Kenan1,high,NA,7.561,NA,,,,,,
Kenan,1201,medium,Kenan1,high,NA,8.625,NA,,,,,,
Kenan,1201,medium,Kenan1,high,NA,8.723,NA,,,,,,
Kenan,1201,medium,Kenan1,high,NA,8.82,NA,,,,,,
Kenan,1201,medium,Kenan1,high,NA,9.22,NA,,,,,,
Kenan,1201,medium,Kenan1,high,NA,9.389,NA,,,,,,
Kenan,1201,medium,Kenan1,high,NA,9.762,NA,,,,,,
Kenan,1201,medium,Kenan1,high,NA,10.246,NA,,,,,,
Kenan,1201,medium,Kenan1,high,NA,10.557,NA,,,,,,
Kenan,1201,medium,Kenan1,high,NA,10.715,NA,,,,,,
Kenan,1201,medium,Kenan1,high,NA,11.86,NA,,,,,,
Kenan,1201,medium,Kenan2,high,NA,13.83,NA,,,,,,
Kenan,1201,medium,Kenan1,high,NA,14.09,NA,,,,,,
Kenan,1201,medium,Kenan1,high,NA,14.21,NA,,,,,,
Kenan,1201,medium,Kenan1,high,NA,14.39,NA,,,,,,
Kenan,1201,medium,Kenan1,high,NA,15.23,NA,,,,,,
Kenan,1201,medium,Kenan1,high,NA,17.518,NA,,,,,,
Kenan,1201,medium,Kenan1,high,NA,19.608,NA,,,,,,
Kenan,1201,medium,Kenan1,high,NA,19.909,NA,,,,,,
Kenan,1201,medium,Kenan1,high,NA,20.815,NA,,,,,,
Kenan,1201,medium,Kenan2,high,NA,21.154,NA,,,,,,
Kenan,1201,medium,Kenan1,high,NA,21.243,NA,,,,,,
Kenan,1201,medium,Kenan1,high,NA,24.355,NA,,,,,,
Kenan,1201,medium,Kenan2,high,NA,24.779,90.844,,,,,,
Kenan,1201,medium,Kenan2,high,NA,29.634,NA,,,,,,
Kenan,1201,medium,Kenan2,high,NA,34.471,159.423,,,,,,
Kenan,1201,medium,Kenan1,high,NA,34.764,NA,,,,,,
Kenan,1201,medium,Kenan2,high,43.597,34.907,134.152,,,,,,
Kenan,1201,medium,Kenan2,high,NA,35.777,NA,,,,,,
Kenan,1201,medium,Kenan2,high,NA,43.474,NA,,,,,,
Kenan,1201,medium,Kenan2,high,NA,45.446,NA,,,,,,
Kenan,1201,medium,Kenan2,high,NA,60.58,NA,,,,,,
Kenan,1201,medium,Kenan1,high,NA,60.956,NA,,,,,,
Kenan,1201,medium,Kenan2,high,24.653,63.401,68.077,,,,,,
Kenan,1201,medium,Kenan2,high,97.27,65.726,59.304,,,,,,
Kenan,1201,medium,Kenan2,high,NA,66.482,NA,,,,,,
Kenan,1201,medium,Kenan2,high,NA,72.016,NA,,,,,,
Kenan,1201,medium,Kenan2,high,68.82,87.928,215.304,,,,,,
Kenan,1201,medium,Kenan2,high,39.489,92.097,493.993,,,,,,
Kenan,1201,medium,Kenan2,high,66.089,95.298,145.979,,,,,,
Kenan,1201,medium,Kenan2,high,NA,124.076,NA,,,,,,
Kenan,1201,medium,Kenan2,high,115.255,135.649,19.42,,,,,,
Kenan,1201,medium,Kenan2,high,NA,173.577,NA,,,,,,
Kenan,1201,medium,Kenan2,high,NA,186.281,NA,,,,,,
Kenan,1201,medium,Kenan2,high,68.82,193.035,150.509,,,,,,
Kenan,1201,medium,Kenan2,high,77.853,200.721,318.225,,,,,,
MarshLanding,95,low,ML1,low,NA,5.498,638.519,,,,,,
MarshLanding,95,low,ML1,low,NA,5.738,67.372,,,,,,
MarshLanding,95,low,ML1,low,NA,6.722,141.883,,,,,,
MarshLanding,95,low,ML1,low,NA,7.038,105.69,,,,,,
MarshLanding,95,low,ML1,low,NA,12.212,243.28,,,,,,
MarshLanding,95,low,ML1,low,NA,175.429,71.187,,,,,,
Matanzas,1201,medium,Mat1,high,NA,2.012,NA,,,,,,
Matanzas,1201,medium,Mat1,high,133.018,2.045,304.59,,,,,,
Matanzas,1201,medium,Mat1,high,NA,2.059,NA,,,,,,
Matanzas,1201,medium,Mat1,high,97.268,2.187,48.706,,,,,,
Matanzas,1201,medium,Mat1,high,NA,2.254,NA,,,,,,
Matanzas,1201,medium,Mat1,high,75.647,2.367,84.056,,,,,,
Matanzas,1201,medium,Mat1,high,NA,2.481,NA,,,,,,
Matanzas,1201,medium,Mat1,high,152.313,2.567,37.429,,,,,,
Matanzas,1201,medium,Mat1,high,NA,2.576,NA,,,,,,
Matanzas,1201,medium,Mat1,high,NA,2.638,NA,,,,,,
Matanzas,1201,medium,Mat1,high,NA,2.719,NA,,,,,,
Matanzas,1201,medium,Mat1,high,NA,2.866,NA,,,,,,
Matanzas,1201,medium,Mat1,high,198.337,3.055,85.143,,,,,,
Matanzas,1201,medium,Mat1,high,NA,3.07,NA,,,,,,
Matanzas,1201,medium,Mat1,high,47.349,3.15,30.687,,,,,,
Matanzas,1201,medium,Mat1,high,NA,3.155,NA,,,,,,
Matanzas,1201,medium,Mat1,high,NA,3.155,NA,,,,,,
Matanzas,1201,medium,Mat1,high,107.949,3.212,31.508,,,,,,
Matanzas,1201,medium,Mat1,high,55.672,3.34,NA,,,,,,
Matanzas,1201,medium,Mat1,high,NA,3.383,NA,,,,,,
Matanzas,1201,medium,Mat1,high,NA,3.406,NA,,,,,,
Matanzas,1201,medium,Mat1,high,NA,3.516,NA,,,,,,
Matanzas,1201,medium,Mat1,high,117.058,3.601,256.368,,,,,,
Matanzas,1201,medium,Mat1,high,NA,4.559,NA,,,,,,
Matanzas,1201,medium,Mat1,high,NA,4.849,NA,,,,,,
Matanzas,1201,medium,Mat1,high,NA,5.674,NA,,,,,,
Matanzas,1201,medium,Mat1,high,86.389,6.566,108.95,,,,,,
Matanzas,1201,medium,Mat1,high,NA,6.808,NA,,,,,,
Matanzas,1201,medium,Mat1,high,NA,7.947,NA,,,,,,
Matanzas,1201,medium,Mat1,high,NA,8.848,NA,,,,,,
Matanzas,1201,medium,Mat1,high,NA,9.65,NA,,,,,,
Matanzas,1201,medium,Mat1,high,NA,9.811,NA,,,,,,
Matanzas,1201,medium,Mat1,high,NA,9.949,NA,,,,,,
Matanzas,1201,medium,Mat1,high,NA,9.958,NA,,,,,,
Matanzas,1201,medium,Mat1,high,NA,10.205,NA,,,,,,
Matanzas,1201,medium,Mat1,high,NA,11.14,NA,,,,,,
Matanzas,1201,medium,Mat1,high,NA,12.184,NA,,,,,,
Matanzas,1201,medium,Mat1,high,NA,13.123,NA,,,,,,
Matanzas,1201,medium,Mat1,high,NA,16.174,NA,,,,,,
Matanzas,1201,medium,Mat1,high,NA,20.32,NA,,,,,,
Matanzas,1201,medium,Mat1,high,NA,21.022,NA,,,,,,
Matanzas,1201,medium,Mat1,high,NA,22.645,NA,,,,,,
Matanzas,1201,medium,Mat1,high,104.103,25.141,20.391,,,,,,
Matanzas,1201,medium,Mat1,high,NA,25.7,NA,,,,,,
Matanzas,1201,medium,Mat1,high,NA,27.968,NA,,,,,,
Matanzas,1201,medium,Mat1,high,NA,29.947,NA,,,,,,
Matanzas,1201,medium,Mat1,high,76.215,34.444,33.467,,,,,,
Matanzas,1201,medium,Mat1,high,38.271,34.938,45.85,,,,,,
Matanzas,1201,medium,Mat1,high,NA,67.247,NA,,,,,,
Matanzas,1201,medium,Mat1,high,26.667,83.236,27.053,,,,,,
Miller,2105,high,Miller1,high,NA,2.035,NA,,,,,,
Miller,2105,high,Miller1,high,41.877,2.044,35.08,,,,,,
Miller,2105,high,Miller1,high,NA,2.079,NA,,,,,,
Miller,2105,high,Miller1,high,NA,2.242,NA,,,,,,
Miller,2105,high,Miller1,high,NA,2.386,NA,,,,,,
Miller,2105,high,Miller1,high,NA,2.787,NA,,,,,,
Miller,2105,high,Miller1,high,NA,2.795,NA,,,,,,
Miller,2105,high,Miller1,high,NA,2.864,NA,,,,,,
Miller,2105,high,Miller1,high,52.58,2.891,271.58,,,,,,
Miller,2105,high,Miller1,high,NA,3.005,NA,,,,,,
Miller,2105,high,Miller1,high,NA,3.023,NA,,,,,,
Miller,2105,high,Miller1,high,NA,3.22,NA,,,,,,
Miller,2105,high,Miller1,high,NA,3.273,NA,,,,,,
Miller,2105,high,Miller1,high,NA,3.278,NA,,,,,,
Miller,2105,high,Miller1,high,NA,3.373,NA,,,,,,
Miller,2105,high,Miller1,high,NA,3.473,NA,,,,,,
Miller,2105,high,Miller1,high,NA,3.506,NA,,,,,,
Miller,2105,high,Miller1,high,47.493,3.747,NA,,,,,,
Miller,2105,high,Miller1,high,33.704,3.777,922.327,,,,,,
Miller,2105,high,Miller1,high,32.118,3.883,311.507,,,,,,
Miller,2105,high,Miller1,high,62.416,3.886,142.363,,,,,,
Miller,2105,high,Miller1,high,NA,4.054,NA,,,,,,
Miller,2105,high,Miller1,high,38.194,4.441,950.473,,,,,,
Miller,2105,high,Miller1,high,NA,4.605,NA,,,,,,
Miller,2105,high,Miller1,high,NA,4.691,NA,,,,,,
Miller,2105,high,Miller1,high,97.681,4.727,103.392,,,,,,
Miller,2105,high,Miller1,high,NA,4.74,NA,,,,,,
Miller,2105,high,Miller1,high,NA,4.967,NA,,,,,,
Miller,2105,high,Miller1,high,NA,5.012,NA,,,,,,
Miller,2105,high,Miller1,high,35.14,5.036,NA,,,,,,
Miller,2105,high,Miller1,high,NA,5.135,NA,,,,,,
Miller,2105,high,Miller1,high,NA,5.304,NA,,,,,,
Miller,2105,high,Miller1,high,55.702,5.363,141.779,,,,,,
Miller,2105,high,Miller1,high,NA,5.393,NA,,,,,,
Miller,2105,high,Miller1,high,NA,5.735,NA,,,,,,
Miller,2105,high,Miller1,high,60.011,6.098,151.022,,,,,,
Miller,2105,high,Miller1,high,NA,7.001,NA,,,,,,
Miller,2105,high,Miller1,high,37.126,7.144,37.661,,,,,,
Miller,2105,high,Miller1,high,NA,7.45,NA,,,,,,
Miller,2105,high,Miller1,high,NA,8.016,NA,,,,,,
Miller,2105,high,Miller1,high,NA,8.361,NA,,,,,,
Miller,2105,high,Miller1,high,NA,8.492,NA,,,,,,
Miller,2105,high,Miller1,high,NA,8.571,NA,,,,,,
Miller,2105,high,Miller1,high,67.435,9.289,76.237,,,,,,
Miller,2105,high,Miller1,high,NA,9.983,NA,,,,,,
Miller,2105,high,Miller1,high,NA,10.343,NA,,,,,,
Miller,2105,high,Miller1,high,NA,10.734,NA,,,,,,
Miller,2105,high,Miller1,high,NA,11.534,NA,,,,,,
Miller,2105,high,Miller1,high,NA,12.593,NA,,,,,,
Miller,2105,high,Miller1,high,NA,13.471,NA,,,,,,
Miller,2105,high,Miller1,high,NA,13.882,NA,,,,,,
Miller,2105,high,Miller1,high,NA,15.414,NA,,,,,,
Miller,2105,high,Miller1,high,NA,18.568,NA,,,,,,
Miller,2105,high,Miller1,high,NA,29.091,NA,,,,,,
Miller,2105,high,Miller1,high,NA,46.418,NA,,,,,,
Miller,2105,high,Miller1,high,67.548,52.886,NA,,,,,,
Pump,2105,high,Pump2,high,NA,2.119,NA,,,,,,
Pump,2105,high,Pump1,high,NA,2.285,NA,,,,,,
Pump,2105,high,Pump1,high,32.477,2.337,76.237,,,,,,
Pump,2105,high,Pump1,high,NA,2.349,NA,,,,,,
Pump,2105,high,Pump2,high,NA,2.48,NA,,,,,,
Pump,2105,high,Pump1,high,NA,2.717,NA,,,,,,
Pump,2105,high,Pump1,high,NA,2.758,NA,,,,,,
Pump,2105,high,Pump1,high,NA,3.064,NA,,,,,,
Pump,2105,high,Pump2,high,NA,3.163,NA,,,,,,
Pump,2105,high,Pump2,high,NA,3.256,NA,,,,,,
Pump,2105,high,Pump1,high,76.534,3.473,31.368,,,,,,
Pump,2105,high,Pump1,high,NA,3.564,NA,,,,,,
Pump,2105,high,Pump1,high,NA,3.654,NA,,,,,,
Pump,2105,high,Pump1,high,NA,3.738,NA,,,,,,
Pump,2105,high,Pump2,high,NA,3.797,NA,,,,,,
Pump,2105,high,Pump2,high,NA,4.192,NA,,,,,,
Pump,2105,high,Pump1,high,NA,4.244,NA,,,,,,
Pump,2105,high,Pump1,high,NA,4.425,NA,,,,,,
Pump,2105,high,Pump1,high,NA,4.515,NA,,,,,,
Pump,2105,high,Pump1,high,NA,4.532,NA,,,,,,
Pump,2105,high,Pump1,high,NA,4.584,NA,,,,,,
Pump,2105,high,Pump2,high,80.407,4.589,439.207,,,,,,
Pump,2105,high,Pump1,high,NA,4.674,NA,,,,,,
Pump,2105,high,Pump2,high,NA,4.72,NA,,,,,,
Pump,2105,high,Pump2,high,NA,4.766,NA,,,,,,
Pump,2105,high,Pump1,high,NA,4.931,NA,,,,,,
Pump,2105,high,Pump2,high,NA,5.04,NA,,,,,,
Pump,2105,high,Pump2,high,NA,5.043,NA,,,,,,
Pump,2105,high,Pump1,high,NA,5.137,NA,,,,,,
Pump,2105,high,Pump1,high,NA,5.174,NA,,,,,,
Pump,2105,high,Pump1,high,NA,5.181,NA,,,,,,
Pump,2105,high,Pump1,high,NA,5.401,NA,,,,,,
Pump,2105,high,Pump1,high,NA,5.598,NA,,,,,,
Pump,2105,high,Pump2,high,NA,5.857,NA,,,,,,
Pump,2105,high,Pump1,high,NA,5.981,NA,,,,,,
Pump,2105,high,Pump2,high,78.078,6.006,292.969,,,,,,
Pump,2105,high,Pump2,high,NA,6.073,NA,,,,,,
Pump,2105,high,Pump1,high,NA,6.118,NA,,,,,,
Pump,2105,high,Pump1,high,NA,6.14,NA,,,,,,
Pump,2105,high,Pump1,high,NA,6.637,NA,,,,,,
Pump,2105,high,Pump2,high,NA,6.643,NA,,,,,,
Pump,2105,high,Pump1,high,NA,6.746,NA,,,,,,
Pump,2105,high,Pump1,high,NA,6.891,NA,,,,,,
Pump,2105,high,Pump2,high,NA,7.005,NA,,,,,,
Pump,2105,high,Pump1,high,NA,7.147,NA,,,,,,
Pump,2105,high,Pump2,high,NA,7.832,NA,,,,,,
Pump,2105,high,Pump2,high,NA,7.849,NA,,,,,,
Pump,2105,high,Pump1,high,NA,7.991,NA,,,,,,
Pump,2105,high,Pump1,high,74.015,8.066,345.89,,,,,,
Pump,2105,high,Pump1,high,NA,8.652,NA,,,,,,
Pump,2105,high,Pump2,high,NA,8.727,NA,,,,,,
Pump,2105,high,Pump1,high,NA,8.834,NA,,,,,,
Pump,2105,high,Pump2,high,NA,9.111,NA,,,,,,
Pump,2105,high,Pump1,high,NA,9.27,NA,,,,,,
Pump,2105,high,Pump1,high,NA,9.422,NA,,,,,,
Pump,2105,high,Pump1,high,NA,9.462,NA,,,,,,
Pump,2105,high,Pump2,high,NA,9.496,NA,,,,,,
Pump,2105,high,Pump2,high,NA,9.585,NA,,,,,,
Pump,2105,high,Pump2,high,162.872,9.674,492.28,,,,,,
Pump,2105,high,Pump1,high,NA,9.721,NA,,,,,,
Pump,2105,high,Pump1,high,NA,9.938,NA,,,,,,
Pump,2105,high,Pump1,high,NA,10.136,NA,,,,,,
Pump,2105,high,Pump2,high,NA,10.421,NA,,,,,,
Pump,2105,high,Pump1,high,NA,10.437,NA,,,,,,
Pump,2105,high,Pump2,high,NA,10.701,NA,,,,,,
Pump,2105,high,Pump2,high,NA,11.03,NA,,,,,,
Pump,2105,high,Pump2,high,NA,11.114,NA,,,,,,
Pump,2105,high,Pump1,high,NA,11.462,NA,,,,,,
Pump,2105,high,Pump1,high,NA,11.608,NA,,,,,,
Pump,2105,high,Pump1,high,NA,11.753,NA,,,,,,
Pump,2105,high,Pump1,high,NA,11.76,NA,,,,,,
Pump,2105,high,Pump1,high,NA,11.824,NA,,,,,,
Pump,2105,high,Pump1,high,NA,11.911,NA,,,,,,
Pump,2105,high,Pump2,high,NA,12.034,2472.019,,,,,,
Pump,2105,high,Pump1,high,NA,12.249,NA,,,,,,
Pump,2105,high,Pump2,high,NA,12.479,NA,,,,,,
Pump,2105,high,Pump2,high,80.823,12.888,1073.686,,,,,,
Pump,2105,high,Pump1,high,NA,13.294,NA,,,,,,
Pump,2105,high,Pump1,high,NA,13.874,NA,,,,,,
Pump,2105,high,Pump1,high,NA,13.966,NA,,,,,,
Pump,2105,high,Pump1,high,NA,14.294,NA,,,,,,
Pump,2105,high,Pump1,high,NA,14.46,NA,,,,,,
Pump,2105,high,Pump1,high,NA,14.636,NA,,,,,,
Pump,2105,high,Pump2,high,NA,14.952,NA,,,,,,
Pump,2105,high,Pump2,high,NA,15.041,NA,,,,,,
Pump,2105,high,Pump1,high,NA,15.074,NA,,,,,,
Pump,2105,high,Pump1,high,NA,15.091,NA,,,,,,
Pump,2105,high,Pump2,high,NA,15.211,NA,,,,,,
Pump,2105,high,Pump1,high,NA,15.249,NA,,,,,,
Pump,2105,high,Pump2,high,NA,15.302,NA,,,,,,
Pump,2105,high,Pump1,high,NA,15.763,NA,,,,,,
Pump,2105,high,Pump1,high,38.251,15.769,372.755,,,,,,
Pump,2105,high,Pump1,high,NA,16.074,NA,,,,,,
Pump,2105,high,Pump1,high,NA,16.31,NA,,,,,,
Pump,2105,high,Pump1,high,NA,16.551,NA,,,,,,
Pump,2105,high,Pump1,high,NA,16.774,NA,,,,,,
Pump,2105,high,Pump2,high,NA,17.688,NA,,,,,,
Pump,2105,high,Pump2,high,NA,18.018,NA,,,,,,
Pump,2105,high,Pump2,high,NA,18.994,NA,,,,,,
Pump,2105,high,Pump2,high,NA,19.497,NA,,,,,,
Pump,2105,high,Pump1,high,NA,20.894,NA,,,,,,
Pump,2105,high,Pump2,high,NA,20.956,NA,,,,,,
Pump,2105,high,Pump1,high,49.851,21.461,151.022,,,,,,
Pump,2105,high,Pump2,high,NA,22.926,NA,,,,,,
Pump,2105,high,Pump2,high,113.27,23.09,1690.41,,,,,,
Pump,2105,high,Pump2,high,NA,23.14,2416.216,,,,,,
Pump,2105,high,Pump1,high,NA,24.091,NA,,,,,,
Pump,2105,high,Pump2,high,NA,24.508,NA,,,,,,
Pump,2105,high,Pump1,high,NA,24.586,NA,,,,,,
Pump,2105,high,Pump2,high,NA,25.491,NA,,,,,,
Pump,2105,high,Pump1,high,NA,25.834,NA,,,,,,
Pump,2105,high,Pump2,high,NA,25.88,NA,,,,,,
Pump,2105,high,Pump2,high,NA,26.8,NA,,,,,,
Pump,2105,high,Pump2,high,NA,27.237,NA,,,,,,
Pump,2105,high,Pump2,high,NA,27.362,NA,,,,,,
Pump,2105,high,Pump2,high,NA,27.953,NA,,,,,,
Pump,2105,high,Pump2,high,NA,28.675,NA,,,,,,
Pump,2105,high,Pump2,high,NA,30.312,NA,,,,,,
Pump,2105,high,Pump2,high,NA,31.037,NA,,,,,,
Pump,2105,high,Pump1,high,NA,36.991,NA,,,,,,
Pump,2105,high,Pump2,high,NA,37.978,NA,,,,,,
Pump,2105,high,Pump2,high,NA,38.134,NA,,,,,,
Pump,2105,high,Pump2,high,NA,42.548,NA,,,,,,
Pump,2105,high,Pump2,high,NA,44.669,NA,,,,,,
Pump,2105,high,Pump1,high,NA,44.893,NA,,,,,,
Pump,2105,high,Pump2,high,NA,49.822,NA,,,,,,
Pump,2105,high,Pump2,high,NA,53.693,NA,,,,,,
Pump,2105,high,Pump2,high,NA,58.846,NA,,,,,,
Pump,2105,high,Pump1,high,NA,58.904,NA,,,,,,
Pump,2105,high,Pump1,high,NA,59.406,NA,,,,,,
Pump,2105,high,Pump2,high,155.471,61.117,457.015,,,,,,
Pump,2105,high,Pump2,high,NA,92.831,NA,,,,,,
Pump,2105,high,Pump1,high,NA,103.943,NA,,,,,,
Pump,2105,high,Pump2,high,NA,172.412,NA,,,,,,
Tim,95,low,Tim1,low,56.632,2.227,44.529,,,,,,
Tim,95,low,Tim1,low,56.193,2.234,NA,,,,,,
Tim,95,low,Tim1,low,62.348,2.452,49.082,,,,,,
Tim,95,low,Tim1,low,63.383,2.491,19.335,,,,,,
Tim,95,low,Tim1,low,63.457,2.551,NA,,,,,,
Tim,95,low,Tim1,low,67.861,2.681,15.344,,,,,,
Tim,95,low,Tim1,low,86.721,3.422,NA,,,,,,
Tim,95,low,Tim1,low,87.259,3.43,37.272,,,,,,
Tim,95,low,Tim1,low,86.36,3.445,109.926,,,,,,
Tim,95,low,Tim1,low,95.106,3.797,NA,,,,,,
Tim,95,low,Tim1,low,106.851,4.199,86.36,,,,,,
Tim,95,low,Tim1,low,108.739,4.305,63.457,,,,,,